User Input,Chatbot Response,Timestamp
hi,Nothing much,2024-12-31 00:10:45
hi,Hello,2024-12-31 00:11:00
how are you,I can answer questions and provide assistance,2024-12-31 00:11:21
hi,Hello,2024-12-31 00:17:06
hello,Hi there,2024-12-31 00:17:14
hey,Hello,2024-12-31 00:17:21
how are you,My purpose is to assist you,2024-12-31 00:17:31
how are you,I can answer questions and provide assistance,2024-12-31 00:17:38
how are you,I can answer questions and provide assistance,2024-12-31 00:17:47
how are you,I can answer questions and provide assistance,2024-12-31 00:17:56
how are you,My purpose is to assist you,2024-12-31 00:18:02
hi,Hi there,2024-12-31 00:24:02
how are you,I am a chatbot,2024-12-31 00:24:15
how are you,I am a chatbot,2024-12-31 00:24:20
how are you,I can answer questions and provide assistance,2024-12-31 00:24:28
who are you,My purpose is to assist you,2024-12-31 00:24:40
who are you,I am a chatbot,2024-12-31 00:24:46
what's up,"Reading books can broaden your knowledge, enhance creativity, and provide a great way to relax.",2024-12-31 00:25:02
what's up,"As an AI, I don't have personal preferences, but there are countless amazing books in various genres. Some popular ones include Harry Potter, To Kill a Mockingbird, and 1984.",2024-12-31 00:25:12
what's up,"As an AI, I don't have personal preferences, but there are countless amazing books in various genres. Some popular ones include Harry Potter, To Kill a Mockingbird, and 1984.",2024-12-31 00:25:22
hi,Hello,2024-12-31 00:58:24
goodbye,Take care,2024-12-31 00:58:38
what are you,I am a chatbot,2024-12-31 00:58:59
help,"Sure, what do you need help with?",2024-12-31 00:59:11
what's are the weather,My purpose is to assist you,2024-12-31 00:59:32
what are the weather,I am a chatbot,2024-12-31 00:59:59
